{"timestamps": [1545022713.8590577], "initial_reset_timestamp": 1545022713.2655673, "episode_lengths": [173], "episode_types": ["t"], "episode_rewards": [1.0]}